id,repo,query_text,gt_categories,baseline_categories,reranked_categories
synthetic-sklearn_PR_24,kannan-dedsec/synthetic-sklearn,General Python code quality review,"['mutable_default', 'naming_convention', 'unused_import']","['mutable_default', 'naming_convention', 'unused_import', 'documentation_formatting', 'unused_import', 'documentation_formatting', 'documentation_formatting']","['naming_convention', 'mutable_default', 'unused_import', 'documentation_formatting', 'unused_import', 'documentation_formatting', 'documentation_formatting']"
synthetic-django_PR_36,kannan-dedsec/synthetic-django,General Python code quality review,['naming_convention'],"['documentation_formatting', 'unused_import', 'documentation_formatting', 'mutable_default', 'documentation_formatting', 'naming_convention', 'naming_convention']","['unused_import', 'documentation_formatting', 'naming_convention', 'documentation_formatting', 'indentation', 'unused_import', 'mutable_default']"
synthetic-django_PR_24,kannan-dedsec/synthetic-django,General Python code quality review,"['mutable_default', 'naming_convention']","['documentation_formatting', 'unused_import', 'documentation_formatting', 'mutable_default', 'documentation_formatting', 'naming_convention', 'naming_convention']","['unused_import', 'documentation_formatting', 'naming_convention', 'documentation_formatting', 'indentation', 'unused_import', 'mutable_default']"
synthetic-fastapi_PR_38,kannan-dedsec/synthetic-fastapi,General Python code quality review,['unused_import'],"['mutable_default', 'naming_convention', 'naming_convention', 'naming_convention', 'naming_convention', 'naming_convention', 'unused_import']","['naming_convention', 'naming_convention', 'naming_convention', 'mutable_default', 'unused_import', 'naming_convention', 'naming_convention']"
synthetic-fastapi_PR_34,kannan-dedsec/synthetic-fastapi,General Python code quality review,['naming_convention'],"['mutable_default', 'naming_convention', 'naming_convention', 'naming_convention', 'naming_convention', 'naming_convention', 'unused_import']","['naming_convention', 'naming_convention', 'naming_convention', 'mutable_default', 'unused_import', 'naming_convention', 'naming_convention']"
synthetic-fastapi_PR_31,kannan-dedsec/synthetic-fastapi,General Python code quality review,['unused_import'],"['mutable_default', 'naming_convention', 'naming_convention', 'naming_convention', 'naming_convention', 'naming_convention', 'unused_import']","['naming_convention', 'naming_convention', 'naming_convention', 'mutable_default', 'unused_import', 'naming_convention', 'naming_convention']"
synthetic-django_PR_39,kannan-dedsec/synthetic-django,General Python code quality review,"['documentation_formatting', 'indentation', 'naming_convention', 'unused_import']","['documentation_formatting', 'unused_import', 'documentation_formatting', 'mutable_default', 'documentation_formatting', 'naming_convention', 'naming_convention']","['unused_import', 'documentation_formatting', 'naming_convention', 'documentation_formatting', 'indentation', 'unused_import', 'mutable_default']"
synthetic-django_PR_35,kannan-dedsec/synthetic-django,General Python code quality review,"['documentation_formatting', 'unused_import']","['documentation_formatting', 'unused_import', 'documentation_formatting', 'mutable_default', 'documentation_formatting', 'naming_convention', 'naming_convention']","['unused_import', 'documentation_formatting', 'naming_convention', 'documentation_formatting', 'indentation', 'unused_import', 'mutable_default']"
synthetic-sklearn_PR_30,kannan-dedsec/synthetic-sklearn,General Python code quality review,"['mutable_default', 'naming_convention']","['mutable_default', 'naming_convention', 'unused_import', 'documentation_formatting', 'unused_import', 'documentation_formatting', 'documentation_formatting']","['naming_convention', 'mutable_default', 'unused_import', 'documentation_formatting', 'unused_import', 'documentation_formatting', 'documentation_formatting']"
synthetic-pandas_PR_32,kannan-dedsec/synthetic-pandas,General Python code quality review,['naming_convention'],"['documentation_formatting', 'documentation_formatting', 'indentation', 'indentation', 'documentation_formatting', 'mutable_default', 'unused_import']","['documentation_formatting', 'documentation_formatting', 'indentation', 'documentation_formatting', 'unused_import', 'naming_convention', 'indentation']"
synthetic-django_PR_33,kannan-dedsec/synthetic-django,General Python code quality review,"['documentation_formatting', 'indentation', 'unused_import']","['documentation_formatting', 'unused_import', 'documentation_formatting', 'mutable_default', 'documentation_formatting', 'naming_convention', 'naming_convention']","['unused_import', 'documentation_formatting', 'naming_convention', 'documentation_formatting', 'indentation', 'unused_import', 'mutable_default']"
synthetic-pandas_PR_38,kannan-dedsec/synthetic-pandas,General Python code quality review,['unused_import'],"['documentation_formatting', 'documentation_formatting', 'indentation', 'indentation', 'documentation_formatting', 'mutable_default', 'unused_import']","['documentation_formatting', 'documentation_formatting', 'indentation', 'documentation_formatting', 'unused_import', 'naming_convention', 'indentation']"
synthetic-flask_PR_37,kannan-dedsec/synthetic-flask,General Python code quality review,['documentation_formatting'],"['indentation', 'indentation', 'documentation_formatting', 'mutable_default', 'indentation', 'naming_convention', 'unused_import']","['indentation', 'documentation_formatting', 'indentation', 'naming_convention', 'indentation', 'unused_import', 'mutable_default']"
synthetic-django_PR_25,kannan-dedsec/synthetic-django,General Python code quality review,['unused_import'],"['documentation_formatting', 'unused_import', 'documentation_formatting', 'mutable_default', 'documentation_formatting', 'naming_convention', 'naming_convention']","['unused_import', 'documentation_formatting', 'naming_convention', 'documentation_formatting', 'indentation', 'unused_import', 'mutable_default']"
synthetic-sklearn_PR_38,kannan-dedsec/synthetic-sklearn,General Python code quality review,"['mutable_default', 'unused_import']","['mutable_default', 'naming_convention', 'unused_import', 'documentation_formatting', 'unused_import', 'documentation_formatting', 'documentation_formatting']","['naming_convention', 'mutable_default', 'unused_import', 'documentation_formatting', 'unused_import', 'documentation_formatting', 'documentation_formatting']"
synthetic-sklearn_PR_32,kannan-dedsec/synthetic-sklearn,General Python code quality review,['naming_convention'],"['mutable_default', 'naming_convention', 'unused_import', 'documentation_formatting', 'unused_import', 'documentation_formatting', 'documentation_formatting']","['naming_convention', 'mutable_default', 'unused_import', 'documentation_formatting', 'unused_import', 'documentation_formatting', 'documentation_formatting']"
synthetic-fastapi_PR_30,kannan-dedsec/synthetic-fastapi,General Python code quality review,['naming_convention'],"['mutable_default', 'naming_convention', 'naming_convention', 'naming_convention', 'naming_convention', 'naming_convention', 'unused_import']","['naming_convention', 'naming_convention', 'naming_convention', 'mutable_default', 'unused_import', 'naming_convention', 'naming_convention']"
synthetic-fastapi_PR_32,kannan-dedsec/synthetic-fastapi,General Python code quality review,['naming_convention'],"['mutable_default', 'naming_convention', 'naming_convention', 'naming_convention', 'naming_convention', 'naming_convention', 'unused_import']","['naming_convention', 'naming_convention', 'naming_convention', 'mutable_default', 'unused_import', 'naming_convention', 'naming_convention']"
synthetic-pandas_PR_27,kannan-dedsec/synthetic-pandas,General Python code quality review,"['mutable_default', 'unused_import']","['documentation_formatting', 'documentation_formatting', 'indentation', 'indentation', 'documentation_formatting', 'mutable_default', 'unused_import']","['documentation_formatting', 'documentation_formatting', 'indentation', 'documentation_formatting', 'unused_import', 'naming_convention', 'indentation']"
synthetic-pandas_PR_40,kannan-dedsec/synthetic-pandas,General Python code quality review,"['mutable_default', 'naming_convention', 'unused_import']","['documentation_formatting', 'documentation_formatting', 'indentation', 'indentation', 'documentation_formatting', 'mutable_default', 'unused_import']","['documentation_formatting', 'documentation_formatting', 'indentation', 'documentation_formatting', 'unused_import', 'naming_convention', 'indentation']"
synthetic-sklearn_PR_25,kannan-dedsec/synthetic-sklearn,General Python code quality review,['unused_import'],"['mutable_default', 'naming_convention', 'unused_import', 'documentation_formatting', 'unused_import', 'documentation_formatting', 'documentation_formatting']","['naming_convention', 'mutable_default', 'unused_import', 'documentation_formatting', 'unused_import', 'documentation_formatting', 'documentation_formatting']"
synthetic-pandas_PR_34,kannan-dedsec/synthetic-pandas,General Python code quality review,"['mutable_default', 'naming_convention']","['documentation_formatting', 'documentation_formatting', 'indentation', 'indentation', 'documentation_formatting', 'mutable_default', 'unused_import']","['documentation_formatting', 'documentation_formatting', 'indentation', 'documentation_formatting', 'unused_import', 'naming_convention', 'indentation']"
synthetic-fastapi_PR_28,kannan-dedsec/synthetic-fastapi,General Python code quality review,['unused_import'],"['mutable_default', 'naming_convention', 'naming_convention', 'naming_convention', 'naming_convention', 'naming_convention', 'unused_import']","['naming_convention', 'naming_convention', 'naming_convention', 'mutable_default', 'unused_import', 'naming_convention', 'naming_convention']"
synthetic-sklearn_PR_31,kannan-dedsec/synthetic-sklearn,General Python code quality review,['unused_import'],"['mutable_default', 'naming_convention', 'unused_import', 'documentation_formatting', 'unused_import', 'documentation_formatting', 'documentation_formatting']","['naming_convention', 'mutable_default', 'unused_import', 'documentation_formatting', 'unused_import', 'documentation_formatting', 'documentation_formatting']"
synthetic-flask_PR_36,kannan-dedsec/synthetic-flask,General Python code quality review,"['indentation', 'naming_convention', 'unused_import']","['indentation', 'indentation', 'documentation_formatting', 'mutable_default', 'indentation', 'naming_convention', 'unused_import']","['indentation', 'documentation_formatting', 'indentation', 'naming_convention', 'indentation', 'unused_import', 'mutable_default']"
synthetic-sklearn_PR_35,kannan-dedsec/synthetic-sklearn,General Python code quality review,"['documentation_formatting', 'unused_import']","['mutable_default', 'naming_convention', 'unused_import', 'documentation_formatting', 'unused_import', 'documentation_formatting', 'documentation_formatting']","['naming_convention', 'mutable_default', 'unused_import', 'documentation_formatting', 'unused_import', 'documentation_formatting', 'documentation_formatting']"
synthetic-flask_PR_40,kannan-dedsec/synthetic-flask,General Python code quality review,"['mutable_default', 'naming_convention', 'unused_import']","['indentation', 'indentation', 'documentation_formatting', 'mutable_default', 'indentation', 'naming_convention', 'unused_import']","['indentation', 'documentation_formatting', 'indentation', 'naming_convention', 'indentation', 'unused_import', 'mutable_default']"
synthetic-sklearn_PR_37,kannan-dedsec/synthetic-sklearn,General Python code quality review,['mutable_default'],"['mutable_default', 'naming_convention', 'unused_import', 'documentation_formatting', 'unused_import', 'documentation_formatting', 'documentation_formatting']","['naming_convention', 'mutable_default', 'unused_import', 'documentation_formatting', 'unused_import', 'documentation_formatting', 'documentation_formatting']"
synthetic-django_PR_21,kannan-dedsec/synthetic-django,General Python code quality review,['unused_import'],"['documentation_formatting', 'unused_import', 'documentation_formatting', 'mutable_default', 'documentation_formatting', 'naming_convention', 'naming_convention']","['unused_import', 'documentation_formatting', 'naming_convention', 'documentation_formatting', 'indentation', 'unused_import', 'mutable_default']"
synthetic-fastapi_PR_22,kannan-dedsec/synthetic-fastapi,General Python code quality review,"['naming_convention', 'unused_import']","['mutable_default', 'naming_convention', 'naming_convention', 'naming_convention', 'naming_convention', 'naming_convention', 'unused_import']","['naming_convention', 'naming_convention', 'naming_convention', 'mutable_default', 'unused_import', 'naming_convention', 'naming_convention']"
synthetic-sklearn_PR_28,kannan-dedsec/synthetic-sklearn,General Python code quality review,"['mutable_default', 'unused_import']","['mutable_default', 'naming_convention', 'unused_import', 'documentation_formatting', 'unused_import', 'documentation_formatting', 'documentation_formatting']","['naming_convention', 'mutable_default', 'unused_import', 'documentation_formatting', 'unused_import', 'documentation_formatting', 'documentation_formatting']"
synthetic-flask_PR_26,kannan-dedsec/synthetic-flask,General Python code quality review,"['indentation', 'naming_convention']","['indentation', 'indentation', 'documentation_formatting', 'mutable_default', 'indentation', 'naming_convention', 'unused_import']","['indentation', 'documentation_formatting', 'indentation', 'naming_convention', 'indentation', 'unused_import', 'mutable_default']"
synthetic-pandas_PR_36,kannan-dedsec/synthetic-pandas,General Python code quality review,"['indentation', 'naming_convention', 'unused_import']","['documentation_formatting', 'documentation_formatting', 'indentation', 'indentation', 'documentation_formatting', 'mutable_default', 'unused_import']","['documentation_formatting', 'documentation_formatting', 'indentation', 'documentation_formatting', 'unused_import', 'naming_convention', 'indentation']"
